id,username,created_at,lng,lat,text
1520132254852427777,BridgetMadden19,Fri Apr 29 20:05:46 +0000 2022,-98.5406515,29.417501,Math is yummy!!! ü§ó Having fun with 3-D shapes! @NISD @NISDMeadowVill @eDeLeon_Garcia @NISDElemMath‚Ä¶ https://t.co/3HknlSkFiY
1520132257104629760,jason_nevermore,Fri Apr 29 20:05:47 +0000 2022,-119.7824645,36.786041999999995,"It‚Äôs another glorious day in the neighborhood. Life is life, I have anxiety, I have worries, but that‚Äôs human. I‚Äôm‚Ä¶ https://t.co/WKjlshqich"
1520132259868729344,EVKoch,Fri Apr 29 20:05:48 +0000 2022,-80.062179,40.270996,"Ok, it‚Äôs actually really nice out now ‚òÄÔ∏èThank u pgh"
1520132260053364736,_YouAreALemon,Fri Apr 29 20:05:48 +0000 2022,-75.117998,40.0048655,@malinis_64 No but fr my mom will call me shit like Kona (our dogs name) and Cinder (our cats name) and even wild s‚Ä¶ https://t.co/OyqKu7geMk
1520132260569169925,HizzyInc,Fri Apr 29 20:05:48 +0000 2022,-95.44648649999999,29.838495,@garyvee ü§òN Spaceü§ò
1520132260598480896,test5geo1798,Fri Apr 29 20:05:48 +0000 2022,-122.416738,37.776796,TEST_PLACE: 258a831a-19a3-4374-a959-7be7cd922136
1520132261416480769,ryan_e_garwood,Fri Apr 29 20:05:48 +0000 2022,-94.63585649999999,39.0339405,"After 4 long, hard and seemingly never-ending years, I am now DONE with med school üôåüèºüôåüèº #MedTwitter #Classof2022 https://t.co/mt5tACPzLt"
1520132262490165249,Legendsghosts,Fri Apr 29 20:05:48 +0000 2022,-93.3613205,46.441860500000004,Hmmm Portland actually arrested someone....call me surprised https://t.co/EvgA3USx4a
1520132261991100416,WmCareyU,Fri Apr 29 20:05:48 +0000 2022,-89.338039,31.310637,Last night the Common Grounds coffee shop served students free beignets and they could order coffee from the creati‚Ä¶ https://t.co/1ItXJRoD3k
1520132263479939072,tmj_CO_transp,Fri Apr 29 20:05:48 +0000 2022,-104.8213634,38.8338816,Help us in our mission to be the dominant supplier of auto parts in our market areas. #Apply now for our latest ope‚Ä¶ https://t.co/ae2AypLptJ
1520132263702253568,MalexNM,Fri Apr 29 20:05:49 +0000 2022,-106.662024,35.296183,üé∂I can kiss somebody brand newAnd not even think about youI can show up to the same barHear the same songs in my‚Ä¶ https://t.co/QlcBVqVG99
1520132264478199808,pulisci,Fri Apr 29 20:05:49 +0000 2022,-118.4119065,34.0207895,You seem fun https://t.co/PScwMDqdGO
1520132265119928320,field_kim,Fri Apr 29 20:05:49 +0000 2022,-79.7941,43.3325,"Market Update #springmarket #whatsyourhomeworth #sellyourhome @ Burlington, Ontario https://t.co/NbNBy1ftSB"
1520132265132625920,reverendwild1,Fri Apr 29 20:05:49 +0000 2022,-82.1608655,29.1202225,"Wow, this is so cool!Big thank you to Rosemary Dowell for doing an amazing job üòä#ocalaflorida #paintingwithashes‚Ä¶ https://t.co/WCEG3H6Dmd"
1520132264679538688,ASAP_ACE,Fri Apr 29 20:05:49 +0000 2022,-122.2317885,47.9599495,@nike is trash! https://t.co/xc2dKlXyOO
1520132265900081153,aarondoucette,Fri Apr 29 20:05:49 +0000 2022,-118.4119065,34.0207895,Full Performance: https://t.co/pATHmySPNI
1520132266193657856,BigBlueWW,Fri Apr 29 20:05:49 +0000 2022,-118.3210685,46.064640499999996,It‚Äôs Senior Recognition night at Murr Field today! Both Varsity Softball and Varsity Baseball have home games at 2:‚Ä¶ https://t.co/3mHuJmtJtC
1520132266801958912,StarOneRealtors,Fri Apr 29 20:05:49 +0000 2022,-84.379779,39.228115,Check out our #listing in #BlueAsh #OH  #realestate #realtor https://t.co/dUyIc4cER7 https://t.co/5PmYC1lPvu
1520132267615526912,billih123,Fri Apr 29 20:05:49 +0000 2022,-122.506779,47.157103000000006,"@theosuwb He is already making threats, but we just let him have all the power. The rest of the world is on their k‚Ä¶ https://t.co/SWGv7a8BDw"
1520132267477286913,KeithOnwheels,Fri Apr 29 20:05:49 +0000 2022,-90.4317435,38.5777005,@femalebodybuil6 Im in love https://t.co/L4xOfHQUH3
1520132269406670848,Berteena,Fri Apr 29 20:05:50 +0000 2022,-89.2665075,39.7393005,"@bee10ved You are loved, dear one. üíõ üêù"
1520132269423308800,GillSharlene,Fri Apr 29 20:05:50 +0000 2022,-123.123581,49.257639,Great to see this come out!#EAOCRC@ccranorg
1520132270350385157,dkygirl24,Fri Apr 29 20:05:50 +0000 2022,-97.47742600000001,25.9721055,@Wolfiesmom Amen
1520132271478648835,DerrickT1974,Fri Apr 29 20:05:50 +0000 2022,-83.1738665,32.6782075,@TimRunsHisMouth He gave us a walking talking image of the modern day Democrat. https://t.co/kL1VXrxFAe
1520132273156370433,SamBStrand,Fri Apr 29 20:05:51 +0000 2022,-93.31625249999999,45.063727,"Attended a meeting in person today, lead by VPs. Each paid lip service to value of hybrid work &amp; flexibility in emp‚Ä¶ https://t.co/HNlJ8FD4A8"
1520132273395445762,tomkorocz,Fri Apr 29 20:05:51 +0000 2022,-73.8972405,41.251326,It's things like this that make one wonder about the future our species
1520132273382707200,TrainandGrose,Fri Apr 29 20:05:51 +0000 2022,-112.12467649999999,33.5528625,üó≥ Who wins the series between Phoenix and Dallas? üèÄ #RallyTheValley #dALLasIN #NBAPlayoffs #Poll
1520132273936371712,photowarrior,Fri Apr 29 20:05:51 +0000 2022,-123.370838,48.496225499999994,@SomethingDutch @laurabrougham Hope they paid you well to use your image.
1520132272275529728,JessTodd_KFVS,Fri Apr 29 20:05:51 +0000 2022,-89.559744,37.317093,Final from Game 2 at Capaha. @JHS_Indians beat Sikeston 12-2 in 5 innings. Jackson will play winner of Poplar Bluff‚Ä¶ https://t.co/n5Id1Z9j9g
1520132277078044674,mooo_dyy,Fri Apr 29 20:05:52 +0000 2022,-111.981926,40.786764,i‚Äôm glad i‚Äôm not the only one huffing and puffing after walking to b gates üò≠
1520132277996511237,SeanCrutchfiel6,Fri Apr 29 20:05:52 +0000 2022,-85.5131695,30.960662499999998,"I have no clue what the Disinformation board or whatever will do, but I DO know it will be expensive."
1520132278013161472,Jt1Rebel,Fri Apr 29 20:05:52 +0000 2022,-115.23443549999999,36.0188045,@OhloneTactical Cabana weather approaching
1520132278008963073,steeliWOKE,Fri Apr 29 20:05:52 +0000 2022,-122.2702975,37.497938500000004,@itsJeffTiedrich This holy shit moment has been going on since before his election. Anyone who has ignored this sim‚Ä¶ https://t.co/2q9HY7GSeJ
1520132279862906880,SKCFDispatches,Fri Apr 29 20:05:52 +0000 2022,-121.9916371,47.2047793,"ü§ï üöíDISPATCH: Accident Injury (BLS) - Fire Only @ 244TH AVE SE/SE 436TH WAY, ENUMCLAW.Responding Dept: EnumclawU‚Ä¶ https://t.co/0dX6E56gbP"
1520132281469349888,scopedbylarry,Fri Apr 29 20:05:53 +0000 2022,-110.892878,32.3029315,"Just in case you were running low on nightmare material, check this out."
1520132281632968705,MadMike4883,Fri Apr 29 20:05:53 +0000 2022,-73.961881,41.496237,@TeamHAMMAFIST @ComeAlongNikki Sounds like a new video game.
1520132282392190977,VoteJustice,Fri Apr 29 20:05:53 +0000 2022,-82.67290299999999,27.7957195,"""I'd say his behavior was middle school,  but that would be an insult to middle schoolers"""
1520132282442469383,CWBOCA,Fri Apr 29 20:05:53 +0000 2022,-80.134986,26.3739755,"@CryptoLawyerz @wiczipedia You mean, like this? üò¨ https://t.co/VD22vHeTNr"
1520132283327561729,debourbonhorto1,Fri Apr 29 20:05:53 +0000 2022,-82.7425825,27.822598499999998,@PuppiesIover They are going to blow away
1520132283881205767,MattyAldrich,Fri Apr 29 20:05:53 +0000 2022,-76.144423,43.046899,"Just posted a photo @ Syracuse, New York https://t.co/6jfT5tOGYV"
1520132285529575431,McIntyre1937,Fri Apr 29 20:05:54 +0000 2022,-82.55501000000001,27.469061,Followed Boris Becker closely for years.  One of my favorite players.  So frustrating!
1520132285407895553,falcicchio,Fri Apr 29 20:05:54 +0000 2022,-77.0143985,38.898602999999994,"‚ÄúThat should come as a relief to hotel owners and operators in Greater Washington, which has trailed many of its pe‚Ä¶ https://t.co/sf3q8GTvFD"
1520132286112444416,AmbassadorKael,Fri Apr 29 20:05:54 +0000 2022,-122.3154215,37.552481,@FragranceFreeDD @Timelines_Talks @MorkAndXindi You monster
1520132285969829888,kinnleysfault,Fri Apr 29 20:05:54 +0000 2022,-119.30660750000001,37.2691755,school shucks üòè who‚Äôs who ??? https://t.co/bh9qkuXvWD
1520132287215591424,krism1226,Fri Apr 29 20:05:54 +0000 2022,-74.1581305,40.859832,TGI-Freaking F.   Never thought this week would end.
1520132287869952000,bbw_lovaa,Fri Apr 29 20:05:54 +0000 2022,-88.16155549999999,30.683649,@hbicash Beautiful ‚ù§
1520132289304399876,bhof1943,Fri Apr 29 20:05:55 +0000 2022,-88.404845,40.1955145,@ILLBoardRoom Of Northwestern???
1520132289296048130,_papa100,Fri Apr 29 20:05:55 +0000 2022,-95.44648649999999,29.838495,My dawg @juiicykayyyy gone check some about me üíØ
1520132289216139264,iembot_tfx,Fri Apr 29 20:05:55 +0000 2022,-110.0447835,46.6798,"At 9:27 AM MDT, 4 SSW Bozeman [Gallatin Co, MT] PUBLIC reports SNOW of 3.00 INCH https://t.co/dFgkhmEK4c"
1520132289677647883,ReBornAlii,Fri Apr 29 20:05:55 +0000 2022,-87.8267415,41.724807,@kamuiartz 91 days in your assThe rising of the shield hero in your assAngel beats in your ass
1520132289681711104,GoatedBooz,Fri Apr 29 20:05:55 +0000 2022,-123.1224015,44.065621,@Philly_Bul215 Dawg
1520132289908207616,KandisGilmore,Fri Apr 29 20:05:55 +0000 2022,-119.30660750000001,37.2691755,@BeeSipOnline has a wonderful interview on Monga Bay for kids  about her work and native bees. https://t.co/EkLSl4uau7
1520132289920864257,Shane_01976,Fri Apr 29 20:05:55 +0000 2022,-122.81848600000001,49.111519,@rightside74 @abbycanucks @HSKnights @Condors If they lose in regulation the home games would not happen they will be played on the road
1520132291724468226,ToddSkirving,Fri Apr 29 20:05:55 +0000 2022,-72.5923815,46.3606685,BOBBO üôåüèΩ
1520132291946848257,tymonae_,Fri Apr 29 20:05:55 +0000 2022,-97.011168,32.655677999999995,Aww Drake is so adorable on Wait For You. üíô
1520132291388796928,YukonGearAxle,Fri Apr 29 20:05:55 +0000 2022,-81.068556,29.190223,Yukon Nation are you at Jeep Beach? Catch ambassadors @roveandreverie and @recoil_tj for some free swag and win an‚Ä¶ https://t.co/W4sl098mqo
1520132293616144385,MrNoLimitRepper,Fri Apr 29 20:05:56 +0000 2022,-82.985772,39.9946835,It‚Äôs certain shit that will humble you real quick!!!
1520132294924775424,rosmallwood75,Fri Apr 29 20:05:56 +0000 2022,-87.651468,34.744854,"I'm at Donna &amp; Friends in Muscle Shoals, AL https://t.co/2Y310phQjG"
1520132295625220099,poysenivy,Fri Apr 29 20:05:56 +0000 2022,-95.91689099999999,41.286898,I just uncovered 169.62 COIN geomining! https://t.co/kzMXNYEOmk https://t.co/ieY4qUKXco
1520132297101824000,DawnWis21183907,Fri Apr 29 20:05:56 +0000 2022,-89.5694915,44.900818,@Peggy54961288 I had the day off to start moving. I've worked harder today than I do at work. On the bright side I‚Ä¶ https://t.co/7y1yBmdbGg
1520132297508503553,BrittiniLaney,Fri Apr 29 20:05:57 +0000 2022,-81.705467,41.495939500000006,@circleside_king Gift!
1520132297680465921,desiree_tutt,Fri Apr 29 20:05:57 +0000 2022,-95.44648649999999,29.838495,My sons will see that their dads and I get along. More than ‚Äúcordial‚Äù or ‚Äúcivil‚Äù.
1520132298192179200,NotJustARefKaty,Fri Apr 29 20:05:57 +0000 2022,-73.8311875,40.6708795,"Good luck, Stokes.  We're rooting for you.  ‚ù§Ô∏è"
1520132298619990019,LAFLAMESHOTYA,Fri Apr 29 20:05:57 +0000 2022,-75.117998,40.0048655,Sigh.
1520132298481360896,DarkKnightsFan,Fri Apr 29 20:05:57 +0000 2022,-118.15733750000001,33.99507,@benryanmills Right on... I plan on getting the Crest/Emblem/Logo myself as well.. not sure where at though... De‚Ä¶ https://t.co/121H3g9ZOW
1520132299282472960,sarbjeetjohal,Fri Apr 29 20:05:57 +0000 2022,-121.979527,37.5236445,@StevenDickens3 I want to see another 10-15 percent down from here to cleanse the mess ‚Äúand‚Äù pick some bargains!
1520132299781775361,ItsMeJanmarco,Fri Apr 29 20:05:57 +0000 2022,-80.2333285,25.7823535,"@anthonyrockk @Izy5 Also, I think I figured out my issue. It‚Äôs my grip."
1520132299748102144,blue_punkrocker,Fri Apr 29 20:05:57 +0000 2022,-118.0188555,33.9759175,What's the best coin to drop $20usd into and come out with $1000? Tryin ta make a flip! #xrp #shiba #cardano‚Ä¶ https://t.co/fnMSFZmkII
1520132300125712387,SLucille1995,Fri Apr 29 20:05:57 +0000 2022,-97.28591349999999,32.7799665,@mama_rhia It wasn‚Äôt me it was @bestsetbekah
1520132300423450627,gregorytrane46,Fri Apr 29 20:05:57 +0000 2022,-79.008801,43.101794,"Don't worry about Russian threats. U.S. and Europe can defeat Russia hands down. Even if they use tactical nukes, t‚Ä¶ https://t.co/aOnceDMRLS"
1520132300805181441,MikeBeauvais,Fri Apr 29 20:05:57 +0000 2022,-79.2725695,43.629311,"Not so easy to make money without billions in government handouts, is it?"
1520132301199454209,1588Lorin,Fri Apr 29 20:05:57 +0000 2022,-77.7289885,39.634461,@nathaliejacoby1 A rock
1520132301383942145,barchyman,Fri Apr 29 20:05:57 +0000 2022,-92.13127399999999,34.7519365,"@ThomB01 @NancyUryHolthus @goofonroof My pleasure. If Fox has been televising America‚Äôs Day at the Races, it may be‚Ä¶ https://t.co/w017GRlQST"
1520132302470221829,TmjGtaHealthWlf,Fri Apr 29 20:05:58 +0000 2022,-79.6441198,43.5890452,"Want to land a job like ""Program Coordinator (RFT 1.0)"" at VON Canada? Applicant tracking systems look for specific‚Ä¶ https://t.co/CtIxl8Wjej"
1520132303086927872,ricekittynails,Fri Apr 29 20:05:58 +0000 2022,-117.86554662,33.77522655,Just posted a photo @ Rice Kitty Nails https://t.co/veV2INlivz
1520132303376338945,ChubbyIdrisElba,Fri Apr 29 20:05:58 +0000 2022,-101.89717300000001,33.5705265,Grow up and learn
1520132303556538368,notyourjaye,Fri Apr 29 20:05:58 +0000 2022,-118.4119065,34.0207895,Bby I deserved this vacation don‚Äôt ask me shit lol‚Ä¶
1520132304550694917,ERICDMARTINEZ,Fri Apr 29 20:05:58 +0000 2022,-100.0768885,31.1688935,Match made in Heaven.
1520132305049640961,tmj_mtp_nursing,Fri Apr 29 20:05:58 +0000 2022,-114.1631275,47.6932004,"Want to work in #Polson, MT? View our latest opening: https://t.co/MJceRp6QGD #RN"
1520132304559030273,MosesWang15,Fri Apr 29 20:05:58 +0000 2022,-81.413531,41.257639,"Dear Asian Youth is celebrating Holi, an Indian celebration of colors! We used paints to replicate of the tradition‚Ä¶ https://t.co/3mPeHkufbR"
1520132304278016000,diminom,Fri Apr 29 20:05:58 +0000 2022,-71.4218325,41.817084,He who needs no introduction (sporting a @TheChrisDuarte original!) @SteveMoForce #NED2022 https://t.co/AYfBuekqdq
1520132307247636480,shelbsmilla,Fri Apr 29 20:05:59 +0000 2022,-97.28591349999999,32.7799665,that‚Äôs why i love it üò≠
1520132309093134337,kaybandzzz,Fri Apr 29 20:05:59 +0000 2022,-74.184848,40.734494,well damn sis üòÇ
1520132311341219840,TheWilliamLe,Fri Apr 29 20:06:00 +0000 2022,-96.29164850000001,30.585471499999997,Right before a quiz tooo!!!!! OMG.
1520132312251473920,neo_libido,Fri Apr 29 20:06:00 +0000 2022,-96.7349005,33.061242500000006,Hon. Mention ‚Äúniblings‚Äù and ‚Äúcomrades‚Äù
1520132312872243202,crooked_forest,Fri Apr 29 20:06:00 +0000 2022,-79.5657915,43.837104499999995,"‚ÄúFor the same pay rate, CF‚ÄùNot a penny more, viewer. Not a penny more."
1520132313144774656,MaseMills_tw,Fri Apr 29 20:06:00 +0000 2022,-80.926628,33.6311395,all my niggas share they hoes
1520132313547423748,nattyboh,Fri Apr 29 20:06:00 +0000 2022,-77.282047,38.9420155,@tony_pike15 @TwinPeaksLodge @MoEgger @espn1530 Awesome!!
1520132312398278657,CockyFreeman,Fri Apr 29 20:06:00 +0000 2022,-78.4598895,35.647526,It took almost 8 years but it was an honor to be apart of a military funeral detail to honor someone who's served.‚Ä¶ https://t.co/Jg025AMZ2B
1520132314344345605,Tennesseine,Fri Apr 29 20:06:01 +0000 2022,-80.8467855,35.209058999999996,"@Skankhunt_4_2_0 @AshaRangappa_ @elonmusk Missing the point again, Spanky. Heavens, you‚Äôre cranky, incel! Have a sn‚Ä¶ https://t.co/8U9Vy3K2CW"
1520132313417453569,SchweihsBarbara,Fri Apr 29 20:06:00 +0000 2022,-88.00657899999999,41.931296,@CP_UPSers @fred_macias_UPS Look at who was caught using the unload stand and the extended to make sure he was wo‚Ä¶ https://t.co/XlDXIpuLXm
1520132314512175104,_M_Paniko,Fri Apr 29 20:06:01 +0000 2022,-74.9626617,39.6611099,#Cheers - Drinking a Samuel Adams Wicked Hazy by @SamuelAdamsBeer at @applebees  ‚Äî https://t.co/VEfYi9ur7T
1520132315061489664,Boog1e_Man971,Fri Apr 29 20:06:01 +0000 2022,-122.93553,45.530778999999995,"@KOINNews Sadly, It‚Äôs happening at multiple districts."
1520132317112537089,MyKeyTailor,Fri Apr 29 20:06:01 +0000 2022,-87.732013,41.8335845,@hialexis_ Lmao family swear you can‚Äôt grow up üò≠
1520132317968166913,brdpj,Fri Apr 29 20:06:01 +0000 2022,-112.12467649999999,33.5528625,@CawthornforNC Cult freak bots
1520132318169649153,CynthiaSneed7,Fri Apr 29 20:06:02 +0000 2022,-86.00682950000001,34.003125,"@cat_cedric Well, we're boys but send boops!"
1520132319159496704,dentdays,Fri Apr 29 20:06:02 +0000 2022,-84.433106,33.7671945,I can‚Äôt wait to move! üò©
1520132320153399296,pdxpolicelog,Fri Apr 29 20:06:02 +0000 2022,-122.664454,45.563451,"SUSPICIOUS SUBJ, VEH, OR CIRCUMSTANCE at 5600 NE RODNEY AVE, PORT [Portland Police #PP22000113225] 11:54 #pdx911"
1520132321948618752,georges78131971,Fri Apr 29 20:06:02 +0000 2022,-97.34391500000001,37.6838965,@GaddyTam12ge @LongTimeHistory How is it being extremist to want to increase the minimum wage of people to give the‚Ä¶ https://t.co/M7Mkm4xpHI
1520132322284158977,NickBrownlow_,Fri Apr 29 20:06:02 +0000 2022,-84.714162,33.736306,@SHoooyah @opensea Thanks!
1520132322212859907,GarettJones,Fri Apr 29 20:06:02 +0000 2022,-77.49317049999999,37.529883,"Mask mandates for airplanes polling well, a continuing series. https://t.co/0BLzBiCoUW"
1520132323597070339,GalileosBane,Fri Apr 29 20:06:03 +0000 2022,-81.3704529,28.5640755,Drinking an East of Eden Mama by @cartonbrewing at @gbbottleshop ‚Äî https://t.co/GmL7x4EoAM
1520132323504705536,prettymskiller,Fri Apr 29 20:06:03 +0000 2022,-95.44648649999999,29.838495,Jamaican musicJamaican flagJamaican rumJamaican steps‚Ä¶and from that you got NIGERIA? Is the whole country crazy‚Ä¶ https://t.co/NatHfd38nI
1520132323949391874,Rynolicious,Fri Apr 29 20:06:03 +0000 2022,-71.378008,41.877246,G2 is üîíin. Roller gang let's go!
1520132327044784128,issadeva,Fri Apr 29 20:06:04 +0000 2022,-97.1356375,32.70185,To discuss this shit or nah‚Ä¶
1520132327556452352,SabinaStent,Fri Apr 29 20:06:04 +0000 2022,-118.4119065,34.0207895,"@VexSlain I am desperate to intervene, he has not stopped the entire time I‚Äôve been here."
1520132327799767040,ColorOfGrey,Fri Apr 29 20:06:04 +0000 2022,-82.44183799999999,34.953849000000005,"@mybluehumor @deptulahasrage I admit, I love this &amp; the pick itself."
1520132328856559616,RadeneMarieC,Fri Apr 29 20:06:04 +0000 2022,-118.1632765,34.685827,@AmieWohrer The punch line of that is my favorite!
1520132329452101634,ABdeoro,Fri Apr 29 20:06:04 +0000 2022,-115.135165,36.0609645,2022 Draft https://t.co/TDGXTFP73p
1520132331037675526,CentralNY911,Fri Apr 29 20:06:05 +0000 2022,-76.3378562,43.0748111,"04/29/2022 - 3:59 PMCamillus Police dispatched to Fire Outdoor/brush Address: Breed Rd And Canal Rd, Camillus, Ny https://t.co/dNt6425LQh"
1520132330920185856,HOWL_Matt,Fri Apr 29 20:06:05 +0000 2022,-122.529191,45.432278499999995,"Neal Adams' drew the issue that was in this book and record set, which I adored as a kid. His hand drew the mental‚Ä¶ https://t.co/a7Rykasx4C"
1520132331754958851,ConnieLukey,Fri Apr 29 20:06:05 +0000 2022,-80.2739375,43.147571,#SustainableBandsCredence Clearwater Recycle https://t.co/YWTihWxw4Q
1520132333151526912,GrantMeister2,Fri Apr 29 20:06:05 +0000 2022,-116.238001,43.598033,@Oolongli420 my insta DMs say otherwise üëÄ
1520132333831081992,Natalie45030283,Fri Apr 29 20:06:05 +0000 2022,-87.732013,41.8335845,@AOC Why do you drive one of his cars then? @elonmusk
1520132334183501825,Andrew_Hatton19,Fri Apr 29 20:06:05 +0000 2022,-83.7299715,42.270839499999994,@itsAntWright out here giving us the scoops üëÄ
1520132334154129409,MelanyGalbear,Fri Apr 29 20:06:05 +0000 2022,-97.1742045,32.8467245,@JDMorgan Happy birthday late Jeffery. I hope it was a marvelous day!! And thank you for that post blasting those a‚Ä¶ https://t.co/i836zU0q0q
1520132334615465985,naturallight,Fri Apr 29 20:06:05 +0000 2022,-90.3703,38.5622,drilling beers
1520132335026380800,LAMaiden24,Fri Apr 29 20:06:06 +0000 2022,-118.4119065,34.0207895,@DodgerJesse Btw no one said that in the comments either.
1520132335718567938,iwaspoisoned_,Fri Apr 29 20:06:06 +0000 2022,-71.5631185,42.3777484,"Lucky Charms, Stop &amp; Shop - Hudson, Massachusetts - Ate lucky charms and was sick after with nausea, vomiting, diar‚Ä¶ https://t.co/heMjwjtAOy"
1520132335718604804,CentralNY911,Fri Apr 29 20:06:06 +0000 2022,-76.3378562,43.0748111,"04/29/2022 - 3:59 PMWarners Fire Department dispatched to Fire Outdoor/brush Address: Breed Rd And Canal Rd, Camil‚Ä¶ https://t.co/nyBWYra7cz"
1520132336163209218,Bmh1winHill,Fri Apr 29 20:06:06 +0000 2022,-81.9713315,27.9136125,@Smoknashes1095 I am due for a trip to the grocery store!ü§ôüèΩüòéüèù
1520132337446629377,danalevinpoet,Fri Apr 29 20:06:06 +0000 2022,-90.4781355,38.633388,@pswordwoman Congratulations!
1520132338147016705,yvngmar0,Fri Apr 29 20:06:06 +0000 2022,-91.0907995,30.4591,Kodak features was hard on both album
1520132338176466945,MySportsCulture,Fri Apr 29 20:06:06 +0000 2022,-82.20366150000001,34.694739999999996,Send me a DM‚Ä¶ I‚Äôll spill it Lol
1520132339275284488,skylarnehman,Fri Apr 29 20:06:07 +0000 2022,-77.60468399999999,41.1179365,@alaskababe_ I‚Äôm from Texas and immediately knew that this was Bass Pro ü§£
1520132339531198465,Godswarrior1993,Fri Apr 29 20:06:07 +0000 2022,-83.804475,27.698681999999998,@MarcusHarvey_ Hell no
1520132340529479681,paycoachk,Fri Apr 29 20:06:07 +0000 2022,-84.35244449999999,33.943456999999995,"Niggas will text a bitch back ""i ain't on shit finna slide to this lil wedding.‚Äù whole time he the groom‚Ä¶ üòÇü§¶üèæ‚Äç‚ôÄÔ∏èüò≠"
1520132340609024000,VaryCarolyn1,Fri Apr 29 20:06:07 +0000 2022,-111.931711,34.1682535,"@chipfranklin I‚Äôm with you on teaching real history, not some fake version of history.The banning of books,taking a‚Ä¶ https://t.co/Hy33NT6dGu"
1520132340835622912,RinkdancerMary,Fri Apr 29 20:06:07 +0000 2022,-77.60468399999999,41.1179365,@DebraLindh Way cool ‚Ä¶!!
1520132341745790976,Matt_Curto,Fri Apr 29 20:06:07 +0000 2022,-87.732013,41.8335845,"@Parker19872 @eika1999 @RLopez15thWard Chicago is a big city. Like any big city some neighborhoods have crime. So yes, incorrect."
1520132341913563137,CentralNY911,Fri Apr 29 20:06:07 +0000 2022,-76.552418,43.0307631,04/29/2022 - 3:59 PMJordan Ambulance dispatched to Motor Vehicle Collision Possible Injuries Address: Downs Rd And‚Ä¶ https://t.co/nX97hLxdxR
1520132341917749248,Spanish_Ran,Fri Apr 29 20:06:07 +0000 2022,-73.977717,40.705597499999996,This clip is funnyBut I always look surpass this video‚Ä¶this man made timeless classic albums from 93-97‚Ä¶and poss‚Ä¶ https://t.co/QZnia4Seow
1520132341024231424,Jerzeel_Herrera,Fri Apr 29 20:06:07 +0000 2022,-121.8737305,37.331159,Aloha ü§ô. San Jose knows how to throw a party! A Hawaiian themed MIB got all the associates in paradise. Thank you t‚Ä¶ https://t.co/ggtJXiEyah
1520132342228013056,Couturesextoys,Fri Apr 29 20:06:07 +0000 2022,-115.135165,36.0609645,Embrace Bunny Wand - Purple https://t.co/Tpey6wQnE1
1520132342525964289,QueenTae100,Fri Apr 29 20:06:07 +0000 2022,-90.1786295,30.001244,@SuitedPiece Pregnant
1520132343498948608,JulietaHelin,Fri Apr 29 20:06:08 +0000 2022,-82.6694675,40.365159500000004,@DeanaWeinheimer Thats why most expensive tickets are not sold :-) It is NHL game at Finland and none eu countrys h‚Ä¶ https://t.co/VpQ9jifIfb
1520132344828637190,RantingRon716,Fri Apr 29 20:06:08 +0000 2022,-78.494466,42.8987195,@The9Route1 What did you think of Bills moving up two spots for Elam and giving up a fourth?
1520132345503764480,brinksuscareers,Fri Apr 29 20:06:08 +0000 2022,-74.0618074,40.902599,"1,500 employees have been working for Brinks for over 10 years. Join our team and see why: https://t.co/2G94Wxzyw0‚Ä¶ https://t.co/nN1Ng00bFk"
1520132346220929024,sunny051488,Fri Apr 29 20:06:08 +0000 2022,-115.23443549999999,36.0188045,Degened into the May 6 $tqqq call. Let‚Äôs see how this pans out üòÖ https://t.co/NzX36thF7p
1520132347605274624,Meiesha514,Fri Apr 29 20:06:09 +0000 2022,-81.47585124,28.4268662,You Can‚Äôt come to Florida and not ride the Bikes üö≤ @eric.montague.32 @erinmontague26 @ Westgate Lakes Resort &amp; Spa https://t.co/pFfTvN9vaZ
1520132348456624130,VaSportsHoF,Fri Apr 29 20:06:09 +0000 2022,-76.069946,36.8025415,"Our Executive Director, Will Driscoll, chatting with @ESPNradio941 about Induction Weekend! The Breakfast with Cham‚Ä¶ https://t.co/gV6uTmzoKV"
1520132349844983809,yourmomsuckss,Fri Apr 29 20:06:09 +0000 2022,-80.434003,25.109363000000002,@shntlknowsbest_ She said we're all her children and we need to love each other no matter what so that's what I'm gonna do
1520132350855811074,HowardBanks51,Fri Apr 29 20:06:09 +0000 2022,-90.409401,32.862140999999994,@Mya_Bowman_ Absolutely Beautiful
1520132350151172097,Dr_ThomasZ,Fri Apr 29 20:06:09 +0000 2022,-87.4098795,46.5496655,"Morning run in beautiful Marquette, MI with @NorthernMichU athletic director Forrest Karr. I have missed this‚Ä¶ https://t.co/ZS9LGI3C9F"
1520132351161864192,ltecato,Fri Apr 29 20:06:09 +0000 2022,-117.851089,33.842863,Maybe there‚Äôs a trend: ‚Äúfirst unlawful storage charge since the law was enacted in 2021.‚Äù #Colorado https://t.co/zL2wHCjfzO
1520132351061159936,yaboi_gabe,Fri Apr 29 20:06:09 +0000 2022,-117.9924755,33.794812,https://t.co/4ETcuCwWgW If you don't want to donate to the link I have cashapp and Venmo. Any share or Donation hel‚Ä¶ https://t.co/fM2GHzwV0O
1520132351942135809,ThatRangerDude,Fri Apr 29 20:06:10 +0000 2022,-93.3613205,46.441860500000004,"This might be my career highlight, not gonna lie. https://t.co/64Vu55H84H"
1520132353439510531,a1_racing,Fri Apr 29 20:06:10 +0000 2022,-89.6596895,39.774345999999994,@WoOLateModels @GordyGundaker11 @BMSupdates Go Gordy Go üß°üíúüß°üíúüß°üíúüß°üíúüß°üíúüß°
1520132352868950016,TomHolowach,Fri Apr 29 20:06:10 +0000 2022,-157.735838,21.390696499999997,@DavidAugust Of course this was right next to the gas pump... https://t.co/cvJINd2vGL
1520132354358054912,officiallordell,Fri Apr 29 20:06:10 +0000 2022,-90.24782400000001,38.653771,"@FrannyDiva I was coming on Elon‚Äôs freedom of speech machine to say I broke my laptop so, same üò©"
1520132357138829312,19LaLa89,Fri Apr 29 20:06:11 +0000 2022,-77.101999,38.8808445,Maybe my drink should be stronger lol or I might need to smoke cuz the shit that‚Äôs coming my way throwing me tf lef‚Ä¶ https://t.co/tqBcDgs5rz
1520132358346883078,bizzyboo08,Fri Apr 29 20:06:11 +0000 2022,-75.77004099999999,42.746617,"@larainenewman Hi, in honor of Breast Cancer Awareness, and with Mothers Day coming up, I was hoping you could shar‚Ä¶ https://t.co/sSYi2gpBI8"
1520132359156375552,ryan_wittry,Fri Apr 29 20:06:11 +0000 2022,-94.3782315,38.916093000000004,Happy Friday team. üôÇ
1520132359382724608,theflying_gypsy,Fri Apr 29 20:06:11 +0000 2022,-115.223125,36.232915,"@spartanmeymi MEXICAN PIZZA, AND PICNIC DAY"
1520132360842452999,PatrickArnez,Fri Apr 29 20:06:12 +0000 2022,-97.81364500000001,30.5059585,@CIiff0rd Wearing the shirts to the press conference? I can be objective and say it was funny. Taking them from the‚Ä¶ https://t.co/zwlZnMMOmP
1520132361333190657,AnnetteQLoves,Fri Apr 29 20:06:12 +0000 2022,-80.087032,42.110703,"@aidricmcnicholl *GS shakes his hand* it's definitely my pleasure. You have quite an interesting power, may I ask what it is Luz?"
1520132362188820480,worldtrotter42,Fri Apr 29 20:06:12 +0000 2022,-70.29254499999999,43.696187,@HopiTimes Sure! More than happy!!! :)
1520132361995890693,leejrSmomlove,Fri Apr 29 20:06:12 +0000 2022,-75.5178975,39.159193,@JClements51 on track qualifying at the @MonsterMile https://t.co/vhmJLoK1in
1520132362943803394,TTeLL3M,Fri Apr 29 20:06:12 +0000 2022,-75.117998,40.0048655,@1future with his Best Album ‚ÄúI Never Liked You‚Äù in min this joint is just about a no skip maybe 1 but that Piece w‚Ä¶ https://t.co/Zegp2J26zt
1520132360087482369,SageHillfarms,Fri Apr 29 20:06:11 +0000 2022,-77.776653,40.902714,I need $55 in order to have enough to get Sampson's prescription food. Please help. Venmo @ Jayme-HettingerCashap‚Ä¶ https://t.co/WmO3ewYAer
1520132363858038784,ElcubanitoKC,Fri Apr 29 20:06:12 +0000 2022,-98.319925,38.498196,@arridhaios @Sepher_Raziel @allhailtheking @GayToad_3 Neither. Homocon sounds like one should be cosplaying as Sail‚Ä¶ https://t.co/9YbKLJgKT8
1520132363963060224,ScottieChristt,Fri Apr 29 20:06:12 +0000 2022,-95.44648649999999,29.838495,How‚Äôs the new @1future sounding gang ? Imma jam tomorrow while cleaning üßº the house . I wanna hear what my yeople t‚Ä¶ https://t.co/32ME19umFQ
1520132364483108865,lindseylomis,Fri Apr 29 20:06:13 +0000 2022,-86.791549,36.200008,omw to the airport !!!! heading to the UK for tour !!!! what is life !!!! ü§†
1520132365409992704,spencer_s_pugh,Fri Apr 29 20:06:13 +0000 2022,-79.95791,37.274488500000004,Best Folding Electric Bike | DYU D3F Electric Bike Reviewhttps://t.co/Eu75FjhoAA I made a video about a bike.‚Ä¶ https://t.co/l7haubbIcr
1520132365456220163,RacingAmerica,Fri Apr 29 20:06:13 +0000 2022,-85.9785995,35.8305215,We sure do! üòÅüì∫ https://t.co/2iHXdEEK2P
1520132365045141507,AirBrodnax,Fri Apr 29 20:06:13 +0000 2022,-101.89717300000001,33.5705265,"Ready to see some discs fly at the Regional Track Meet here in Lubbock, Texas. https://t.co/ZR3n1UPAFt"
1520132364009193472,GWLandTrust,Fri Apr 29 20:06:12 +0000 2022,-71.812438,42.275760000000005,The @FS_Region1 reported Fire Danger is HIGH!#FireDanger #Worcester https://t.co/RJNMkLInR7
1520132366269833218,nknapper,Fri Apr 29 20:06:13 +0000 2022,-77.0143985,38.898602999999994,I literally do not know how to tell this story without it sounding like a gross humble brag so I‚Äôm just gonna tell‚Ä¶ https://t.co/aeZ6G5cFc0
1520132367083618307,SpartMom23,Fri Apr 29 20:06:13 +0000 2022,-95.44648649999999,29.838495,@_Pajson Thank you sweetheart! ü§ç
1520132367368835073,DianaDemarest,Fri Apr 29 20:06:13 +0000 2022,-83.804475,27.698681999999998,@keithroy001 @jamie_raskin @January6thCmte It's frustrating to see how many in Congress will get away with their pl‚Ä¶ https://t.co/L9c0CS3T2u
1520132367905529856,CarrieBercic,Fri Apr 29 20:06:13 +0000 2022,-123.123581,49.257639,@yeepoa It surprised me. It appearing on the slide genuinely makes it sound like DPAC agrees to the closure recomme‚Ä¶ https://t.co/BqgkyIdVWr
1520132367956037634,dddale,Fri Apr 29 20:06:13 +0000 2022,-83.3815575,41.9657795,@atkogs2 @Out5p0ken If he ends up going I hope they treat him like the pariah he is
1520132367968518144,1dlegend,Fri Apr 29 20:06:13 +0000 2022,-84.433106,33.7671945,@YeezyTaughtMeee what you drinking
1520132368824094720,YGRICHI3,Fri Apr 29 20:06:14 +0000 2022,-117.851089,33.842863,Deebo got his bag. OBJ on the way to the Bay üôèüèº
1520132368677449728,nknapper,Fri Apr 29 20:06:14 +0000 2022,-77.0143985,38.898602999999994,"Anyway, I pick up my food (then coffee from the corporate devils at Starbucks) @ I start heading home when suddenly‚Ä¶ https://t.co/i6zGUrYayM"
1520132369440817157,iErayDursun,Fri Apr 29 20:06:14 +0000 2022,-87.9672925,43.0567225,@WusijiEx Were you not at the season opener where it was 70¬∞ in early March?
1520132369793138690,lentaminen,Fri Apr 29 20:06:14 +0000 2022,-80.090438,26.688885,#PBI is currently experiencing departure delays between 15 mins and 29 mins due to TM INITIATIVES:MIT:ZJX MIT‚Ä¶ https://t.co/tm01IuIORU
1520132370262855682,ihatemelife23,Fri Apr 29 20:06:14 +0000 2022,-105.5508905,38.997935999999996,@FgClipz Frfr
1520132370443255809,nknapper,Fri Apr 29 20:06:14 +0000 2022,-77.0143985,38.898602999999994,"I guess I could have yelled back, chased them, done something to get to the bottom of this mystery - who was this p‚Ä¶ https://t.co/U3V7gAt4JL"
1520132370900262913,samlikespizza93,Fri Apr 29 20:06:14 +0000 2022,-121.375689,38.6040335,This hangover got hands üò≠
1520132371407945728,gmccoytt15,Fri Apr 29 20:06:14 +0000 2022,-83.804475,27.698681999999998,"@CBSNews Oh, @CBS, that BASTION of media fidelity and integrity. When's the LAST time they reported something with‚Ä¶ https://t.co/gVXqkLGmJg"
1520132371479244800,thesageRR3,Fri Apr 29 20:06:14 +0000 2022,-73.8311875,40.6708795,"@Bryan_TGP @xiggy89x To be clear, nothing will ever top Coke from MEX (in the glass bottle) save for maybe original‚Ä¶ https://t.co/CeJ9yYWPsL"
1520132369943986176,brooks_esplin,Fri Apr 29 20:06:14 +0000 2022,-111.85839849999999,33.639340000000004,@pinkoutlaws did what we had to down in AZ. @ShockDoctor Legends Showcase champs! @levelupelitesFB @rakoto10‚Ä¶ https://t.co/TZnXZ4xzfG
1520132372179652609,nknapper,Fri Apr 29 20:06:14 +0000 2022,-77.0143985,38.898602999999994,Anyway I‚Äôm an introverted weirdo in real life - anyone who really knows me knows that - so if you are reading this‚Ä¶ https://t.co/TUeBHyqC3j
1520132371869310976,keeshr_,Fri Apr 29 20:06:14 +0000 2022,-75.117998,40.0048655,Still thinkin bout how Nicki bodied everybody on Monster https://t.co/M9HQ8vJa3J
1520132372557037569,samuelj41944686,Fri Apr 29 20:06:14 +0000 2022,-118.9188865,34.188478,"Honestly, the new future album is pretty dope. Got some bangers on it."
1520132373714812929,starskyNOhutch,Fri Apr 29 20:06:15 +0000 2022,-95.44648649999999,29.838495,@kustoo Everything said spot on. This the perfect moment for Nike to get right with the culture
1520132373840551940,DunnJeffry,Fri Apr 29 20:06:15 +0000 2022,-84.25645800000001,36.0180115,"@Dandelionh3art Probably not, but that‚Äôs ok. üòä"
1520132375509880834,HPUFan,Fri Apr 29 20:06:15 +0000 2022,-82.3882145,36.3447405,Final 10-3 Mercer. Would be nice to see home teams win on new stadium visits but more important they win the more local games I go to.
1520132376483045376,joaofungo,Fri Apr 29 20:06:15 +0000 2022,-73.8494415,40.8503475,@lovettbr @USDA_ARS That‚Äôs amazing @lovettbr! Huge congrats and well deserved. They are lucky to have you on board.‚Ä¶ https://t.co/TFfWww0dGz
1520132376663318528,RonileW,Fri Apr 29 20:06:15 +0000 2022,-80.8467855,35.209058999999996,"@bonnie_bon1 @MyPeakChallenge @SamHeughan @caitrionambalfe If I can , I will be joining you. I had a feeling, when‚Ä¶ https://t.co/YBUdODaHck"
1520132377040674816,sportsbrain,Fri Apr 29 20:06:16 +0000 2022,-117.104989,32.810012,We ride https://t.co/WJyuuI1T1A
1520132377825234944,SLucille1995,Fri Apr 29 20:06:16 +0000 2022,-97.28591349999999,32.7799665,Good looking out baby
1520132378513055752,DJ_KingKash,Fri Apr 29 20:06:16 +0000 2022,-85.9785995,35.8305215,Twitter needs to change its algorithm
1520132378630385664,alanlmatthews,Fri Apr 29 20:06:16 +0000 2022,-120.882482,47.273022,"@abndesigns Well done, Sam."
1520132378848546818,ClanHeughan,Fri Apr 29 20:06:16 +0000 2022,-97.4451735,35.222301,@angelica83100 @SamHeughan @grahammctavish @Outlander_STARZ @OutLandAnatomy @GreatLaugh @10MinDQ @AngusAngels‚Ä¶ https://t.co/a0BKvuIMMY
1520132378332696578,DrJoyBB,Fri Apr 29 20:06:16 +0000 2022,-87.732013,41.8335845,"Pearls from @ACPinternists, bupropion for off label use in hypoactive sexual dysfunction disorder https://t.co/bhQHAnH6Hz"
1520132381151318016,1nt3rn3tf41ry,Fri Apr 29 20:06:17 +0000 2022,-121.79644400000001,37.9856605,I need my ass beat https://t.co/bKsTYtn5nU
1520132382321487872,joshroman1990,Fri Apr 29 20:06:17 +0000 2022,-73.8494415,40.8503475,"@stormthebot @dodgersontop @BNightengale Ozuna also went to prison, did community service and had to do rehab classes. Soooo"
1520132384133419008,d_a_f_f_y_d,Fri Apr 29 20:06:17 +0000 2022,-73.723025,45.557830499999994,@C_Mulroney Get what done exactly?
1520132384913559552,Idh8me2,Fri Apr 29 20:06:17 +0000 2022,-75.117998,40.0048655,Lord DC gone tear me upüò≠
1520132383533506561,Jerzeel_Herrera,Fri Apr 29 20:06:17 +0000 2022,-121.8737305,37.331159,Oreo cookie game! https://t.co/JSEj83youm
1520132385542524929,LaneCareers,Fri Apr 29 20:06:18 +0000 2022,-78.898619,35.9940329,"Interested in a job in Durham, NC? This could be a great fit: https://t.co/hTTf79sdeC #Engineering #CivilEngineer"
1520132385542529024,tmj_FLS_HR,Fri Apr 29 20:06:18 +0000 2022,-82.4571776,27.950575,"Can you recommend anyone for this #HR job in #Tampa, FL? Click the link in our bio to see it and more. HR Administr‚Ä¶ https://t.co/zE5U0gOFnV"
1520132385387339776,josepdeuces,Fri Apr 29 20:06:18 +0000 2022,-118.4119065,34.0207895,la im in you
1520132386003902464,tmj_MI_facmgmt,Fri Apr 29 20:06:18 +0000 2022,-83.6596596,41.9572676,"Join the Clean Tech team! See our latest #FacilitiesMgmt job openings, including ""Maintenance Technician - Earn up‚Ä¶ https://t.co/FRqvL89yHD"
1520132386373226496,EleFlip215,Fri Apr 29 20:06:18 +0000 2022,-77.60468399999999,41.1179365,Thankful for my local @dunkindonuts having #ButterPecan iced coffee ü§üüèª
1520132387111194624,tmj_bal_itdb,Fri Apr 29 20:06:18 +0000 2022,-76.7267773,39.1137602,"Want to land a job like ""HPC Software Engineer, Senior"" at Booz Allen? Applicant tracking systems look for specific‚Ä¶ https://t.co/NGcyQ4Rbk9"
1520132388516507648,bangelodundee,Fri Apr 29 20:06:18 +0000 2022,-83.1738665,32.6782075,"‚ÄúThe Texas leader was not at the Capitol during the riot, but prosecutors say Rhodes directed the plot, which inclu‚Ä¶ https://t.co/eEeP62j9tW"
1520132389179215873,WasAnActionGuy,Fri Apr 29 20:06:18 +0000 2022,-79.0021125,35.054626999999996,@DahlELama2 @Jim_Jordan Both the NYT &amp; WaPo have independently verified (with forensic technicians) that the emails‚Ä¶ https://t.co/19f3S5Iceh
1520132389837713408,OdleDoesScience,Fri Apr 29 20:06:19 +0000 2022,-92.342322,34.721886,"@votheroski @UAMSMicroImmuno @forrest_craig @ChrissyVoth @annamv2922 This is so cool! Congrats, all! üéâ"
1520132391116976128,jinkyjoy,Fri Apr 29 20:06:19 +0000 2022,-82.427777,36.418749500000004,@realDailyWire Both are nuts and we are tired of them!!!
1520132391087575040,GDBJr5,Fri Apr 29 20:06:19 +0000 2022,-87.74470600000001,42.034116499999996,@opinionatedwino #Galway - Oscar‚Äôs Seafood Bistro then to The Crane Bar!  @tdbaze will agree #Ireland ‚òòÔ∏è
1520132391225987072,AngeloLW,Fri Apr 29 20:06:19 +0000 2022,-98.5406515,29.417501,It‚Äôs ma burfday!!! ü§≠ü§≠üéä
1520132391448186880,nedarbnagrom,Fri Apr 29 20:06:19 +0000 2022,-118.4119065,34.0207895,it takes me so fuckin long to wake up
1520132392303968261,Darlene01631927,Fri Apr 29 20:06:19 +0000 2022,-83.9638415,35.9824705,We even have a department of education?  All I ever hear is teachers Unions did this or that.  Mmmmm.
1520132394002616320,suziecouture,Fri Apr 29 20:06:20 +0000 2022,-76.955868,38.9445175,Son‚Ä¶. lol this is insane üò≠üò≠üò≠üò≠
1520132395294502912,Kimmick86,Fri Apr 29 20:06:20 +0000 2022,-78.85356300000001,42.896229500000004,@litttlesnappy @TimmySchiefer @zubaz I usually wear a medium so I sized up to a large figuring I could layer undern‚Ä¶ https://t.co/j8CMhJ5lmG
1520132396582113280,thedragstate,Fri Apr 29 20:06:20 +0000 2022,-93.3613205,46.441860500000004,@ItsMeHenning I do a thing that I call un-mixing. Clone the project and start over completely from scratch with the‚Ä¶ https://t.co/EciKXgrvB0
1520132398008225793,Abigail33981248,Fri Apr 29 20:06:21 +0000 2022,-96.9336585,35.347545,@OttoMatticBaby Still trying to get a tire üò´
1520132399258087424,coachnez9,Fri Apr 29 20:06:21 +0000 2022,-74.10636600000001,40.6707835,"@joncoopertweets Zzzzzzz ""Wake me up when September ends..."""
1520132402491895814,kevcastLA,Fri Apr 29 20:06:22 +0000 2022,-96.7617535,32.819858499999995,"@RepMTG @Acosta Girl, you lie every day.  You lied under oath."
1520132402760323075,WatchingNoir,Fri Apr 29 20:06:22 +0000 2022,-87.4098795,46.5496655,Pierce Brosnan   Sean Connery still my favorite.  I am old.
1520132402806505472,GraysonEatonnn,Fri Apr 29 20:06:22 +0000 2022,-79.42086499999999,38.003375500000004,Catch all of this weekend‚Äôs Sentara Healthcare American Sprint Car action beginning tonight live on @FloRacing and‚Ä¶ https://t.co/Gm7SftC5hb
1520132403087478784,TORlSSECRETS,Fri Apr 29 20:06:22 +0000 2022,-97.28591349999999,32.7799665,gonna dip my fruit in Joe Pool Lake
1520132403339022336,lawaikapohaku,Fri Apr 29 20:06:22 +0000 2022,-158.005818,21.428026000000003,Kanaka Waiwai is stuck in my head lol
1520132403284430848,ThePennStorm,Fri Apr 29 20:06:22 +0000 2022,-119.2289915,34.289689499999994,Oh my
1520132403842404358,GuapMandingo,Fri Apr 29 20:06:22 +0000 2022,-73.9685415,40.780709,I‚Äôm Eating Pussy Tonight ü§™ü§™üòã
1520132404836405248,GaryBorton,Fri Apr 29 20:06:22 +0000 2022,-118.48042000000001,34.022688,"@coldxman Your assumption is wrong, you being an asshole could be the reason there is a laffer curve. Basically both things can be true."
1520132404882587648,RuthRitter2,Fri Apr 29 20:06:22 +0000 2022,-77.063162,41.248342,These fools just sound like bumbling idiots to me! They are the ones creating all the BS and bitching about it like‚Ä¶ https://t.co/53a0aAWpLc
1520132406316986368,AliceeWritess,Fri Apr 29 20:06:23 +0000 2022,-118.4119065,34.0207895,Getting all four of dogs groomed monthly gets expensive ü•≤
1520132406556213249,AidosShalom,Fri Apr 29 20:06:23 +0000 2022,-87.732013,41.8335845,One of my favorite goddess‚Äô in Smite. I love this.üòªü•πüò≠üñ§
1520132407562756096,isabellaqui24,Fri Apr 29 20:06:23 +0000 2022,-82.21839449999999,27.93168,missing roosters already. and my friends ig üôÑ (not gianna)
1520132407688577024,shelbsmilla,Fri Apr 29 20:06:23 +0000 2022,-97.28591349999999,32.7799665,you know i‚Äôm drunk when i start smiling n talking to everybody
1520132407437021184,Azusaaztecshs,Fri Apr 29 20:06:23 +0000 2022,-117.89864105,34.126021,#aztecscholars are future @ucriversideofficial Highlanders! #weareazusa #weareausd #fantaztec65 @ Azusa High School https://t.co/vlCaZ5pnAU
1520132406853918721,Stros_Nes,Fri Apr 29 20:06:23 +0000 2022,-95.82455300000001,29.783996000000002,"I MF love @Costco for allowing me to return this sound-bar that stopped functioning, that I bought 5 years ago. üòÖ https://t.co/DXZZBh5GAR"
1520132410058362880,Leonthatnig,Fri Apr 29 20:06:23 +0000 2022,-73.9685415,40.780709,@Hotgirlrach Fuck shawty do you persona match your looks personality is a KEY factor.
1520132410003755008,True_Tacoma,Fri Apr 29 20:06:23 +0000 2022,-117.7751835,33.547673,What a sad fail by our County Executive.
1520132410347864064,RogersSonji,Fri Apr 29 20:06:23 +0000 2022,-86.127956,39.969297,Drinks with @JonnaRogers10 @mrsrpack @FallonLane04 https://t.co/iBXR8UTk9T
1520132413233455112,tstackzzzzzz,Fri Apr 29 20:06:24 +0000 2022,-73.9685415,40.780709,@terrancedraws It‚Äôs the head turn that always gets me üòÇüòÇüòÇ
1520132413267103744,YairLight,Fri Apr 29 20:06:24 +0000 2022,-80.11290349999999,26.533486,I noticed another typo @elonmusk ü§£
1520132413317337088,KetoSimple,Fri Apr 29 20:06:24 +0000 2022,-86.1582,39.7692,"Just posted a photo @ Indianapolis, Indiana https://t.co/QHTaicwUZE"
1520132413820751877,mrtroylynch,Fri Apr 29 20:06:24 +0000 2022,-92.342322,34.721886,@NoahDelashaw Always got to take that LEAP of faith for the joke
1520132414261051392,foolykooly,Fri Apr 29 20:06:24 +0000 2022,-76.823733,42.053399,It‚Äôs called fat. And most women have it lmaoooo
1520132414420434948,Carolinakeith_1,Fri Apr 29 20:06:24 +0000 2022,-81.9808645,35.0091195,"@ryandubbz We did. 4 lambos, 1 mcclaren 720s, 1 Ferrari F8, and 1 slingshot. We had an amazing time. I recommend everyone do it üíØüôè"
1520132416634966016,JohniFlash,Fri Apr 29 20:06:25 +0000 2022,-121.9552285,37.280837000000005,@buddhathes33r I done been around a couple of women like that. I'll never forget them
1520132418660966401,GenieRougeau,Fri Apr 29 20:06:25 +0000 2022,-100.0768885,31.1688935,"@atlantabobby1 Is this a male or female?? I am Serious, not a joke."
1520132419562913793,yaaaygoooo,Fri Apr 29 20:06:26 +0000 2022,-122.362414,37.948843,RUTH IS THAT BITCH. ALWAYS AND FOREVER WILL BE.
1520132420766371841,crudoxc,Fri Apr 29 20:06:26 +0000 2022,-119.30660750000001,37.2691755,"I hate wearing contacts, like they don't even work as good as my glasses. It's irritated üòêüòµ‚Äçüí´"
1520132420783255552,HuskerFox,Fri Apr 29 20:06:26 +0000 2022,-73.723025,45.557830499999994,@Bioxz Shoot.... Probably best to call somebody.
1520132421068414976,AftonAphmau,Fri Apr 29 20:06:26 +0000 2022,-92.13127399999999,34.7519365,@IronBloodleader Z73: sails out to fight befast
1520132420191854595,lili_sanner,Fri Apr 29 20:06:26 +0000 2022,-87.99780799999999,42.0119315,We traveled to Australia today to learn about some very cool instruments and even made our own didgeridoos! üá¶üá∫‚òÄÔ∏èüê®ü¶ò‚Ä¶ https://t.co/DyJ8xQcjdl
1520132421492121604,SPRITEMAN76,Fri Apr 29 20:06:26 +0000 2022,-87.732013,41.8335845,I think Minnesota wins tonight
1520132421747978240,JimRawls6,Fri Apr 29 20:06:26 +0000 2022,-79.85448600000001,40.401109500000004,"Hey, I am from Pittsburgh, Y'all. I couldn't be Happier than Kenny Pickett being the Pittsburgh Steelers First Roun‚Ä¶ https://t.co/DClLSwY3Ja"
1520132420271370241,Usha08052384,Fri Apr 29 20:06:26 +0000 2022,-71.0887125,42.3136695,Enjoy all the happiness that comes with it. https://t.co/TDZ8wsvir7
1520132424000151553,vabaddie97,Fri Apr 29 20:06:27 +0000 2022,-118.4119065,34.0207895,@TuggieTarantino DMV in general ü§¶üèæ‚Äç‚ôÄÔ∏èü§¶üèæ‚Äç‚ôÄÔ∏èü§¶üèæ‚Äç‚ôÄÔ∏èü§¶üèæ‚Äç‚ôÄÔ∏è first pothole I hit I swore I crashed my whip
1520132423887077376,bri_cavazos,Fri Apr 29 20:06:27 +0000 2022,-95.44648649999999,29.838495,I‚Äôm not letting anything ruin my day üòå
1520132424205848577,FranklinH3000,Fri Apr 29 20:06:27 +0000 2022,-87.01055099999999,34.580925,@petersuderman @kmanguward So it's like those cookbooks that go on and on before getting to the recipe?
1520132425568768000,tmj_IDH_cosmo,Fri Apr 29 20:06:27 +0000 2022,-116.2863998,43.6320897,"Stop staring at the clock every day. It's time for a new career. Follow us to view jobs with titles like ""Hair Styl‚Ä¶ https://t.co/aK0lrn24mD"
1520132426634252288,jasonlchambers,Fri Apr 29 20:06:27 +0000 2022,-80.926628,33.6311395,@shirin93shn @Bad_Boy_Bobby Thank you so much https://t.co/WJSnU6WUNG
1520132427305291776,tmj_tpa_labor,Fri Apr 29 20:06:28 +0000 2022,-82.3777335,27.9363828,"If jobs with titles like ""Warehouse Associate - Washroom Operator - 2nd Shift"" sound appealing to you, follow us to‚Ä¶ https://t.co/UARYB5PJxa"
1520132427376586753,Faugustus2nd,Fri Apr 29 20:06:28 +0000 2022,-122.194398,47.481598,"3 people left on earth. We're gonna kill each other over pumpkin pie, fried pickles, chicken, hamburgers...We are s‚Ä¶ https://t.co/GZElm2zjmx"
1520132428081291269,bizzyboo08,Fri Apr 29 20:06:28 +0000 2022,-75.77004099999999,42.746617,"@BillyBaldwin Hi, in honor of Breast Cancer Awareness, and with Mothers Day coming up, I was hoping you could share‚Ä¶ https://t.co/DpDlwAc8yA"
1520132429608108032,lee_montgomery,Fri Apr 29 20:06:28 +0000 2022,-78.515337,35.9590235,@lifewithrashi Love to.
1520132429851242497,tmj_dfw_constru,Fri Apr 29 20:06:28 +0000 2022,-96.8001857,32.7844503,"If you're looking for work in #Dallas, TX, check out this #Construction job via the link in our bio: Director of Construction at LMC"
1520132430098800642,PatrickPrice,Fri Apr 29 20:06:28 +0000 2022,-78.657837,35.8439815,It‚Äôs always a great day on the Capital Area Greenway!
1520132430711037954,tmj_jax_transp,Fri Apr 29 20:06:28 +0000 2022,-81.655651,30.3321838,"Stop staring at the clock every day. It's time for a new career. Follow us to view jobs with titles like ""Courier/S‚Ä¶ https://t.co/1yvi27dvUW"
1520132431369670658,tke240,Fri Apr 29 20:06:28 +0000 2022,-84.917307,32.4823035,War Damn @stroh_connor!!!  #WarEagle #AuburnFamily #WDE
1520132431243751424,tmj_FLD_NURSING,Fri Apr 29 20:06:28 +0000 2022,-81.2081203,28.669997,"Want to work at Oviedo Medical Center? We're hiring in Oviedo, FL! Click the link in our bio for details on this jo‚Ä¶ https://t.co/h9zfJQbpyK"
1520132432749604867,jmdaidone,Fri Apr 29 20:06:29 +0000 2022,-74.282445,39.736875,@America1Scotty Another POS extraordinaire...
1520132433265500161,JoeyCashMusic,Fri Apr 29 20:06:29 +0000 2022,-84.3064885,33.9430725,@Chrisf_____ Bruh them are ugly af gone somewhere üòÇ
1520132433894543360,OpenMothersMale,Fri Apr 29 20:06:29 +0000 2022,-115.038337,36.006256,The bears are getting defeated. Teddi doesn‚Äôt deserve this.
1520132433953316866,cmark6215,Fri Apr 29 20:06:29 +0000 2022,-100.0768885,31.1688935,"Seguin , Tx. https://t.co/5UEAabtDLH"
1520132436927160320,CynthiaSmith63,Fri Apr 29 20:06:30 +0000 2022,-86.79397691,33.46411794,Proud is an understatement! Samford Alum! Thankful for the dear friends who were there cheering for her today! @ Sa‚Ä¶ https://t.co/R7lMUPDq2c
1520132436939710464,willoliver,Fri Apr 29 20:06:30 +0000 2022,-83.5629235,30.785647500000003,"It‚Äôs hot outside. Sure wish I were back in the mountains, slipping on ice with @garrettmorrisey rn. https://t.co/G96xE00ahC"
1520132437983956992,THEDeeJenks,Fri Apr 29 20:06:30 +0000 2022,-122.31344,47.385752499999995,@celebrityhottub I am at least somewhat aware of how weird this may soundBut it was good to hear your voice and thoughts again today
1520132439250771969,enyhvad,Fri Apr 29 20:06:30 +0000 2022,-75.117998,40.0048655,3:30 Appt And I still cannot find my üîë ü§¶üèΩ‚Äç‚ôÄÔ∏è
1520132440194355201,Paleowin,Fri Apr 29 20:06:31 +0000 2022,-117.716173,34.1190165,@AltonDooley @Dr_Mastodonna I think I‚Äôll be teaching Paleontology of California next spring üòà
1520132440286711808,dancingvalentin,Fri Apr 29 20:06:31 +0000 2022,-79.2725695,43.629311,@deeweesor Safe travels!
1520132440290906113,haussmalyn,Fri Apr 29 20:06:31 +0000 2022,-74.044726,41.157773500000005,It so embarrassing when I think someone is talking me and they are talking with some else with they headphones on üò≠üò≠üò≠üò≠üò≠
1520132440924188672,ShawnFace,Fri Apr 29 20:06:31 +0000 2022,-118.48042000000001,34.022688,A legend. Forever.
1520132441763205121,Robincha,Fri Apr 29 20:06:31 +0000 2022,-87.732013,41.8335845,"@RudyTood @itsisaac_oof @SinaiNot @BleacherReport Rob, I think you meant that response to be directed to someone el‚Ä¶ https://t.co/enTkwfJvrs"
1520132442744668160,MichaelBattis12,Fri Apr 29 20:06:31 +0000 2022,-80.926628,33.6311395,I‚Äôm working til 6 today I always work til 4 but I don‚Äôt mind 6
1520132441901572097,mikappleton,Fri Apr 29 20:06:31 +0000 2022,-73.8542585,40.575242,"Injured FDNY firefighters salute their fallen brother, FF Timothy Klein, during his funeral in the Rockaways. https://t.co/pm1rHJkaEk"
1520132444074221571,Parrow_,Fri Apr 29 20:06:32 +0000 2022,-81.3677725,28.501678499999997,@wackelvaney True but he would never let me write those lol
1520132444854407170,Starbright619,Fri Apr 29 20:06:32 +0000 2022,-117.37998,33.19605,Just posted a photo @ Miss Kim's by That Boy Good https://t.co/E33X1Hs75M
1520132446645362690,JCLaHoot,Fri Apr 29 20:06:32 +0000 2022,-73.723025,45.557830499999994,@12ftskelton @paytmitch Who is micromanaging BIRDFEEDERS???
1520132447295328256,nikkisiag,Fri Apr 29 20:06:32 +0000 2022,-118.4119065,34.0207895,@ted_grinvald the back of your head is ridiculous
1520132448893296640,OttawaNewsPulse,Fri Apr 29 20:06:33 +0000 2022,-75.69453838,45.41995212,"https://t.co/ksrs7ITfCb Ottawa ‚Üí Ottawa police officer charged with assault, sexual assault https://t.co/LoxRHolu6D‚Ä¶ https://t.co/mKwFBGPPyH"
1520132450344751106,zeferlol,Fri Apr 29 20:06:33 +0000 2022,-83.1738665,32.6782075,lame..lame‚Ä¶..
1520132450625622016,james_among,Fri Apr 29 20:06:33 +0000 2022,-118.4119065,34.0207895,@replicantpinky I never knew people hated Mountain Dew until that moment on Simpsons lol
1520132450751504385,deecapt,Fri Apr 29 20:06:33 +0000 2022,-76.913544,38.6346285,@ESPNNFL @LauraRutledge @mspears96 @danorlovsky7 @Realrclark25 Great draft coverage. Surprised Malik Willis is stil‚Ä¶ https://t.co/220fSxxmkS
1520132451061878786,thejoeyway,Fri Apr 29 20:06:33 +0000 2022,-100.0768885,31.1688935,@KicksFinder Lmao or Montana‚Ä¶ain‚Äôt nobody gonna see you in kicks anyway üò≠
1520132451254865924,chasehoganjone1,Fri Apr 29 20:06:33 +0000 2022,-92.746611,35.1589915,https://t.co/zwgDmVFjcy for my Hog fans #wps
1520132451326124034,MORNINGMANIAC,Fri Apr 29 20:06:33 +0000 2022,-83.1738665,32.6782075,Love to see this one jump off‚Äîlet‚Äôs rumbleüëèüèΩüëèüèΩüëèüèΩüëèüèΩüëèüèΩ
1520132451556859905,ohsoash26,Fri Apr 29 20:06:33 +0000 2022,-90.011008,29.982601,Mission accomplished‚ò∫Ô∏è
1520132451632353286,crystalsluxe,Fri Apr 29 20:06:33 +0000 2022,-83.1397085,42.2549276,Just posted a photo @ Crystal's Luxe Fashions https://t.co/HwDW5p82Qs
1520132451145863170,faiello_mari,Fri Apr 29 20:06:33 +0000 2022,-83.804475,27.698681999999998,Tonight‚Äôs baked good is in the works üòã https://t.co/JSSgmmKowo
1520132453054177280,SubwayMike,Fri Apr 29 20:06:34 +0000 2022,-74.066663,40.7180015,Guess who just bought a ticket to see Audra McDonald at Town Hall in Provincetown next month! ü•≥
1520132452907376642,AaronBaker125,Fri Apr 29 20:06:34 +0000 2022,-85.7682405,37.822244,Since when can he write
1520132453347708928,HannahDuggan6,Fri Apr 29 20:06:34 +0000 2022,-104.92209349999999,39.713563,@marcuslemonis Pay off medical bills
1520132453167476738,SMS_8bit,Fri Apr 29 20:06:34 +0000 2022,-80.8467855,35.209058999999996,@Gamer_Canada @YouTube And they trolled Sonic Origins toohttps://t.co/ImqEVwGbex
1520132453255503874,DeSeanB,Fri Apr 29 20:06:34 +0000 2022,-80.244984,36.087168500000004,@ShibbyBacon @RGIII I know it's late but according to Brown he did tell LJ that he requested a trade. His issues se‚Ä¶ https://t.co/4K6zk23aeU
1520132454350209025,yosefasimcha,Fri Apr 29 20:06:34 +0000 2022,-75.011178,39.9395125,"@JoyceWhiteVance It‚Äôs called deflection. Whatever he did, he says others did. He‚Äôs a sociopath &amp; a disgraceful liar."
1520132455621140481,MattHasTheMusic,Fri Apr 29 20:06:34 +0000 2022,-79.9135205,43.2606955,Now we just need to replace the entire trenches and QB
1520132455948193792,Grant_Shirley4,Fri Apr 29 20:06:34 +0000 2022,-104.92209349999999,39.713563,@femaleatlhawk @CaponiSteven @Franklinderon @REGGIES_WORLD I agree. But I was saying the luxury tax does not affect‚Ä¶ https://t.co/Ci61L0A4zd
1520132456560709633,HowardBanks51,Fri Apr 29 20:06:34 +0000 2022,-90.409401,32.862140999999994,@Mya_Bowman_ Beautiful As An Angel
1520132454849339392,trixieebelle,Fri Apr 29 20:06:34 +0000 2022,-95.44648649999999,29.838495,my vice ü§™ https://t.co/aMy7VjruFq
1520132456745119744,CokerAyokunle,Fri Apr 29 20:06:35 +0000 2022,-121.62892550000001,39.121659,Noooooooooo My Favorite @DakotaKai_WWE
1520132457923817472,myliddopony666,Fri Apr 29 20:06:35 +0000 2022,-73.8494415,40.8503475,Time to start a new life - words from my mother
1520132458334806018,WildLoaf96,Fri Apr 29 20:06:35 +0000 2022,-73.709589,45.605568000000005,@coupleofgaming Just wanted to let you know magikarp is x2 evolution and seel is x2 dust. Its the opposite on the picture
1520132458859147265,RichDubroffMLB,Fri Apr 29 20:06:35 +0000 2022,-76.62048200000001,39.284712999999996,"For those of you who care about such things, Kyle Bradish will wear No. 56 for #Orioles"
1520132459605770240,junebugskippin,Fri Apr 29 20:06:35 +0000 2022,-77.101999,38.8808445,"Cry me a river, rapist."
1520132459685453825,ashcashin,Fri Apr 29 20:06:35 +0000 2022,-73.8311875,40.6708795,I wanna move to Florida or California.
1520132460251602944,Menico45180612,Fri Apr 29 20:06:35 +0000 2022,-79.2996725,43.880694500000004,Want to let you know that CMC has finally asked us for the last necessary data that was missing and we have already‚Ä¶ https://t.co/BQp7wjyETM
1520132460423659520,theemilytaylor,Fri Apr 29 20:06:35 +0000 2022,-79.3872,43.648,"Not a lot going on at the moment @ Toronto, Ontario https://t.co/if0eaihbEg"
1520132458779394049,Josh_Trotter81,Fri Apr 29 20:06:35 +0000 2022,-79.861034,35.1704985,"This week in Highland Hawks #physed classes: hoop guard (thanks @PhysEdOPE for the idea), volley practice w/ beach‚Ä¶ https://t.co/S4Jnf5SZ5y"
1520132461203578880,amdaleynews,Fri Apr 29 20:06:36 +0000 2022,-119.30660750000001,37.2691755,@thanksmach @rikwag @mtracey In other words the legal entities are only created because the United States governmen‚Ä¶ https://t.co/Fyjf531AiN
1520132461795045376,ZmoPR,Fri Apr 29 20:06:36 +0000 2022,-121.436217,37.723349999999996,My gf so pretty omg
1520132462550011904,NWSportsDesk,Fri Apr 29 20:06:36 +0000 2022,-116.238001,43.598033,Good Vibez Only! #SeaUsRise
1520132461862211585,jessamiller5,Fri Apr 29 20:06:36 +0000 2022,-96.7617535,32.819858499999995,Thank you to @RanaAwdish for the incredibly honest and eye-opening presentation. It‚Äôs not often that I tear up duri‚Ä¶ https://t.co/6sNF0BHu6B
1520132463426555904,test5geo1798,Fri Apr 29 20:06:36 +0000 2022,-122.39872,37.781157,TEST_LAT/LON: 8bbeeafe-461e-4c9f-aed5-e97b6ef8b973
1520132465519697924,dkinggggg,Fri Apr 29 20:06:37 +0000 2022,-84.433106,33.7671945,pit stop üëãüèΩ
1520132466027114496,sleepyhellos,Fri Apr 29 20:06:37 +0000 2022,-119.02516299999999,35.3469015,got a B on my chem midterm :)
1520132466073292801,SeanDonohue12,Fri Apr 29 20:06:37 +0000 2022,-73.210142,40.823869,@sweetrelease12 @FardDehghani @nypost Other than she's good at negotiating her salary I dunno
1520132466853437442,AJgr8rgood,Fri Apr 29 20:06:37 +0000 2022,-80.8467855,35.209058999999996,@lindaa_kuku Cherry Poptarts are Trash.. more of my ultimate truths below ‚¨áÔ∏è‚¨áÔ∏è‚¨áÔ∏èhttps://t.co/wAMCzyRGa3
1520132467650400256,rajahh__,Fri Apr 29 20:06:37 +0000 2022,-83.1738665,32.6782075,@loverboyiiiii Happy Birthday!
1520132468275179520,tmj_LAJ_UTIL,Fri Apr 29 20:06:37 +0000 2022,-117.1558867,32.8256427,"Cintas Corporation is hiring in San Diego, CA! Read about our latest SSR job opening via the link in our bio: Servi‚Ä¶ https://t.co/jJR4bZhhQA"
1520132468581421056,BangMeBoxCyrus,Fri Apr 29 20:06:37 +0000 2022,-118.4119065,34.0207895,So happy I discovered SHM at Coachella üò≠
1520132468765908992,alexsjeair,Fri Apr 29 20:06:37 +0000 2022,-118.4119065,34.0207895,@instagram Currently Logged out of Instagram I'm missing My 300 Million Followers Viewing My Contents Algorithm
1520132469353287680,smitnwessun,Fri Apr 29 20:06:38 +0000 2022,-95.44648649999999,29.838495,Weekend is finally here ü•Ç
1520132469143613447,charles_leroy,Fri Apr 29 20:06:37 +0000 2022,-73.9685415,40.780709,@RealFPJr The 2017 remaster of Kick @INXS‚Äô in @Dolby #Atmos bliss #FeelGoodFriday https://t.co/vaXKCtuZBj
1520132469588172802,emrey35,Fri Apr 29 20:06:38 +0000 2022,-96.29164850000001,30.585471499999997,Peter Theil almost singlehandedly ruined Facebook! Now he wants to screw Twitter the same way!
1520132469550460928,iCityBoy_404,Fri Apr 29 20:06:38 +0000 2022,-83.1738665,32.6782075,My question is where the Atlanta Police Bike Patrol Unit at for the Northeast Beltline Trail?Can't even be safe in‚Ä¶ https://t.co/fBDbq05UE8
1520132470225575940,tmj_BOS_schn,Fri Apr 29 20:06:38 +0000 2022,-71.4161565,42.279286,"We're hiring! Read about our latest job opening here: Business Enablement Specialist - https://t.co/O3ofzWWFhM #SupplyChain #Framingham, MA"
1520132471030829058,eric_hurwitz,Fri Apr 29 20:06:38 +0000 2022,-81.3677725,28.501678499999997,@TyWalter8271 @Jomama71913619 @realdotNet @Earthjustice @USPS @MoKanCAN @SierraClub @CenterForBioDiv It's a Double‚Ä¶ https://t.co/dcGUmqfPQA
1520132471219798016,haywal44,Fri Apr 29 20:06:38 +0000 2022,-86.4355085,36.965671,I see seas of green‚Ä¶ petunias too. #andmillionbells #lotsofflowers #coloryourgarden @PlantNinja1 @PlantPartners @Lowes_D1294
1520132471492390912,ERICDMARTINEZ,Fri Apr 29 20:06:38 +0000 2022,-100.0768885,31.1688935,How we feeling @packers fans? #GoPackGo
1520132471844659201,jasonlchambers,Fri Apr 29 20:06:38 +0000 2022,-80.926628,33.6311395,@shirin93shn @Bad_Boy_Bobby Thanks üôèüèª
1520132472930938881,luISraww,Fri Apr 29 20:06:38 +0000 2022,-119.7824645,36.786041999999995,Why do people find satisfaction in slowing down when they see a car speeding behind them. Just get out the way üòÇ
1520132473463652353,GrumpyHeckler,Fri Apr 29 20:06:39 +0000 2022,-79.2725695,43.629311,Country of Canada is now behind the Miami Heat. Get my boy Kyle Lowry another ring!
1520132473744592896,Chatham253,Fri Apr 29 20:06:39 +0000 2022,-122.061771,47.67881250000001,Both Dakota Kai &amp; Malcom Bivens have been there a while and never seemed to have a pathway to the main roster. Not‚Ä¶ https://t.co/t3lwdtWWm2
1520132473916731393,cduvall30,Fri Apr 29 20:06:39 +0000 2022,-96.7311425,43.5410145,"@LittleMissyH I'll hopefully be asleep by then. Just hit 3pm here, but been up since 2am"
1520132474449403905,SLucille1995,Fri Apr 29 20:06:39 +0000 2022,-97.28591349999999,32.7799665,@_julesevnrod Right!!
1520132474516475907,vrtualnsanity,Fri Apr 29 20:06:39 +0000 2022,-84.433106,33.7671945,I will continue to ignore you
1520132474889719808,dougestes912,Fri Apr 29 20:06:39 +0000 2022,-92.13127399999999,34.7519365,@mkobach Don‚Äôt give them a switch to whip your ass with.
1520132475569246208,FatBelly_Mike,Fri Apr 29 20:06:39 +0000 2022,-79.861034,35.1704985,ascend | outside | canon | 24-70 https://t.co/JrZ3ZTVri3
1520132477234331651,mjparadis,Fri Apr 29 20:06:39 +0000 2022,-90.011008,29.982601,I thought Escape the Fate was dead‚Ä¶
1520132478811336704,AshmoreJuan,Fri Apr 29 20:06:40 +0000 2022,-111.7375655,33.4057545,Bet let‚Äôs go üòà üòè
1520132479574757376,CookieBookings,Fri Apr 29 20:06:40 +0000 2022,-75.265529,40.69197,Bitches*
1520132479700586496,keenkroywen,Fri Apr 29 20:06:40 +0000 2022,-73.9685415,40.780709,"My lady can‚Äôt hold down nothing put Panera, my baby is going to be a bougie one"
1520132480036216836,jayymariefams,Fri Apr 29 20:06:40 +0000 2022,-71.054857,42.428694,joe simping for kit is so on brand of him i love him
1520132480380116993,mjdemarinis,Fri Apr 29 20:06:40 +0000 2022,-96.1488935,41.1654695,Dyaln Tebrake has retired 6 straight since giving up the solo shot to Luke Framm. Five of those outs were strikeout‚Ä¶ https://t.co/MYZ8T7eOyn
1520132480350797825,AdamWetstein1,Fri Apr 29 20:06:40 +0000 2022,-79.2725695,43.629311,@HeatherMallick @TorontoStar There is no such thing as ‚Äúrescue‚Äù dogs
1520132480430485507,YYYWePaid,Fri Apr 29 20:06:40 +0000 2022,-75.117998,40.0048655,I've wanted this pick to happen since 2020. Lol. Let's fucking go! @Ravens @kyledhamilton_
1520132481327935488,iembot_tfx,Fri Apr 29 20:06:40 +0000 2022,-110.0447835,46.6798,"At 7:00 AM MDT, 6 W Sand Coulee [Cascade Co, MT] COCORAHS reports SNOW of 2.10 INCH. COCORAHS STATION MT-CC-18 GREA‚Ä¶ https://t.co/MyWLteRO8B"
1520132481235574787,CVSHealthJobs,Fri Apr 29 20:06:40 +0000 2022,-71.561397,41.6834543,"At CVS Health, we believe in giving back. We invest in the communities we serve to provide quality health care to a‚Ä¶ https://t.co/dcYVfXszbL"
1520132482053586947,CertifiedDaw321,Fri Apr 29 20:06:41 +0000 2022,-94.5592815,39.1000485,My Birthday ü•≥üéÇüéâüéàüéäüéÅ Is On A Monday i Will Be 31 Yrs Old
1520132483882307585,AlexDonno,Fri Apr 29 20:06:41 +0000 2022,-80.3155675,25.622357,@LakersCanes305 Thanks buddy!
1520132485018963969,pottymouthmaker,Fri Apr 29 20:06:41 +0000 2022,-85.4915405,32.597245,On to Scream 2How have I never noticed that there was a lipstick mark on Randy‚Äôs hand when they find the body?‚Ä¶ https://t.co/vj8LHFLPwB
1520132485534810112,OscarUSM,Fri Apr 29 20:06:41 +0000 2022,-116.9523525,32.7992535,Same üí™üèª
1520132485790810112,StDomBaseball,Fri Apr 29 20:06:41 +0000 2022,-90.70264399999999,38.7796565,In the latest @PBRMissouri state wide rankings release his week we are now up to #7 Small School.  Team goes 15-1‚Ä¶ https://t.co/VJOWHS2pSp
1520132486562566145,TommyLambertOKC,Fri Apr 29 20:06:42 +0000 2022,-97.552161,35.4828435,@TPCarney @ByronYork Apparently only their followers can view it?
1520132486789013506,adamclevenger,Fri Apr 29 20:06:42 +0000 2022,-86.1429225,39.7795625,@sarahlundberg @SOFIIisHOT I had really hoped to work it in... just not seasonal. ü§£
1520132487846019072,kaya_2018,Fri Apr 29 20:06:42 +0000 2022,-86.6807375,32.576227,"I bet I go home n gts üò¥ion mind ,respectfully"
1520132487762128898,NicLew22,Fri Apr 29 20:06:42 +0000 2022,-82.6694675,40.365159500000004,@TimHall971 Your Culver‚Äôs first round pick beats both of theirs
1520132487896354816,Enragedpen,Fri Apr 29 20:06:42 +0000 2022,-75.069515,39.841555,Biden made squid game
1520132487942389760,andrewprhodes,Fri Apr 29 20:06:42 +0000 2022,-82.19384591,39.23514881,"I'm at @Subway in Albany, OH https://t.co/CohA3qfJdh"
1520132488395476992,4thThomas,Fri Apr 29 20:06:42 +0000 2022,-78.657837,35.8439815,"I just watched the last episode of better call Saul, and I am horrified ‚Ä¶ in a good way. That show is amazing!"
1520132488642760704,united_raiders,Fri Apr 29 20:06:42 +0000 2022,-118.3461525,33.953633499999995,Yo what the heck Trevor!!!
1520132488714235906,Steven_Almazan_,Fri Apr 29 20:06:42 +0000 2022,-77.0143985,38.898602999999994,"@linscott_robyn @NAPEquity You did such a wonderful job, @linscott_robyn! üëèüèºüëèüèº"
1520132489100111873,Angelica_Xtina,Fri Apr 29 20:06:42 +0000 2022,-73.9685415,40.780709,@SandraBernhard @OfficialALT It's what he deserved üôèüèºüíó
1520132489553059842,JackMil30796666,Fri Apr 29 20:06:42 +0000 2022,-80.1386455,26.251895,@Vickisanger6 No but I feel l‚Äôm getting f‚Ä¶.. every day!
1520132490060390400,StewardessChick,Fri Apr 29 20:06:42 +0000 2022,-122.529191,45.432278499999995,@TheBreyKeys It‚Äôs one of my oldest lines of credit too üò£
1520132489162940416,YULrainbow,Fri Apr 29 20:06:42 +0000 2022,-73.709589,45.605568000000005,He asked if I enjoyed sucking cocks. https://t.co/W2CxTY894n
1520132491087998976,mikeytheweasel,Fri Apr 29 20:06:43 +0000 2022,-89.6596895,39.774345999999994,"my good friend was admitted to the hospital wednesday, she had a seizure.she's intubated and in an induced coma.t‚Ä¶ https://t.co/PCm55Jvycw"
1520132491406946308,ISHTARisLegend,Fri Apr 29 20:06:43 +0000 2022,-80.240229,36.254155999999995,@B_Gumbo30 ü§§yhwh know me
1520132492837150720,thomasfle123,Fri Apr 29 20:06:43 +0000 2022,-83.1738665,32.6782075,@Liz_Wheeler @elonmusk Exactly
1520132492916887552,Me71501245,Fri Apr 29 20:06:43 +0000 2022,-79.42086499999999,38.003375500000004,Oh wow Joe and Nancy will be there. You said the word you got the bird. üòé420 some where.
1520132493319548929,NickBrownlow_,Fri Apr 29 20:06:43 +0000 2022,-84.714162,33.736306,@DaGr8Brendinni Stunning shot :)
1520132493428641792,Paul_Wischmeyer,Fri Apr 29 20:06:43 +0000 2022,-78.8954405,35.9909825,@JPreiser @MichelleMMPA Thanks Jean-Charles‚Ä¶so good to hear from you my old friend! üôè
1520132493621534720,cohenss,Fri Apr 29 20:06:43 +0000 2022,-92.4367735,38.3045585,@AndyKindler And now I can't because he just blocked me
1520132494028247041,DennisMSwanson1,Fri Apr 29 20:06:43 +0000 2022,-89.2665075,39.7393005,@_nomadic_soul What utter and complete nonsense.
1520132495617839104,ssrocean,Fri Apr 29 20:06:44 +0000 2022,-111.928142,33.392883999999995,Sports fans be on some cult shit.
1520132496213438464,TheEngrumpled,Fri Apr 29 20:06:44 +0000 2022,-117.6847285,49.08772449999999,@stefcyclops They're just um getting new day off with some vigor :)
1520132497316716544,JohntheLib,Fri Apr 29 20:06:44 +0000 2022,-82.5670075,35.5390725,@jdcmedlock This is on the wall of my American History teacher's room
1520132497555787778,Hitch_Atl,Fri Apr 29 20:06:44 +0000 2022,-84.433106,33.7671945,@latimes @BillShaikin Sounds like Manfred is paying Bauer back for always talking shit about him in the past https://t.co/UxisDd3WtO
1520132498495131648,betogrape_,Fri Apr 29 20:06:44 +0000 2022,-118.4119065,34.0207895,My dads attitude has changed!
1520132498960928772,BuiltfromDay1,Fri Apr 29 20:06:45 +0000 2022,-93.2620465,44.9706105,"@dl0burner Nah, this is genuine Karl for once"
1520132499904544772,a1_racing,Fri Apr 29 20:06:45 +0000 2022,-89.6596895,39.774345999999994,@WoOLateModels @weissracing7 @BMSupdates Go Ricky Go ‚ù§üñ§‚ù§üñ§‚ù§üñ§‚ù§
1520132499980103682,UteNDNRezGirl89,Fri Apr 29 20:06:45 +0000 2022,-97.754724,30.323345500000002,I am alive in my p o e t r yI am neither here nor thereBut I ame v e r y w h e r eRead my words and f e e l‚Ä¶ https://t.co/J89aIGI0M4
1520132500772704256,calipeachy,Fri Apr 29 20:06:45 +0000 2022,-120.664965,35.274809000000005,"@IsntDaveOne Nothing is gonna come close to ""Take My Breath Away"" https://t.co/9XtqnQzcsM"
1520132501075001344,phxwardog,Fri Apr 29 20:06:45 +0000 2022,-111.928142,33.392883999999995,gLArEzS oUT
1520132500697141248,acg_go,Fri Apr 29 20:06:45 +0000 2022,-111.934774,33.424485,[Pre-order] üì¶ Mystery Box Detective Conan Acrylic Key Chain Box Sakura Graduation Ver.Brand: KADOKAWAType: 10Pr‚Ä¶ https://t.co/y9GbV35pKp
1520132502131814400,boygrownbig,Fri Apr 29 20:06:45 +0000 2022,-118.4119065,34.0207895,If Zuckerberg came out and said ‚Äúthe far right hates everyone!‚Äù republicans would be calling for congressional hear‚Ä¶ https://t.co/wNs4JB4Hwe
1520132502580510724,ABigThingBadly,Fri Apr 29 20:06:45 +0000 2022,-73.9685415,40.780709,"@amazzara1 @doitbigchicago In the real world, CEO replacements common after a few quarters of underperformance.  Be‚Ä¶ https://t.co/NhzrivMOJu"
1520132502916001792,xtina_theresa,Fri Apr 29 20:06:46 +0000 2022,-115.223125,36.232915,"Bringing my pinup alter ego, Lola Jae back to life. She's been gone too long. I'm an old soul, and this is where my‚Ä¶ https://t.co/cIrWjDDPto"
1520132503390113802,Jacito1980,Fri Apr 29 20:06:46 +0000 2022,-106.4174305,31.793368,@can243151 Wow fuck me please and give me your delicious milk https://t.co/6JSAZoCuNH
1520132504954368000,Teira_Yu,Fri Apr 29 20:06:46 +0000 2022,-117.104989,32.810012,Hard pass. Looks cheesy af
1520132505550172161,Pope_SportsMed,Fri Apr 29 20:06:46 +0000 2022,-83.1738665,32.6782075,"Current 8th graders, join us on the field, Thursday, May 5th @ 5pm!! #gohounds #sportsmedicine #AT4all #ATSAsRock"
1520132505852166145,ZiaJD,Fri Apr 29 20:06:46 +0000 2022,-73.9685415,40.780709,"I don't get @BeMyEyes calls that often, and I was on a work call when I got the last one, but I just did a call and‚Ä¶ https://t.co/m8SDtKWAUh"
1520132505998807040,PerfectLife1990,Fri Apr 29 20:06:46 +0000 2022,-118.1567105,33.809171500000005,"People's life can not be wasted, do what they can do is an interesting and useful life. https://t.co/FtdtHsZcgl"
1520132506485497859,ticketdemain,Fri Apr 29 20:06:46 +0000 2022,-87.732013,41.8335845,@TheNich31 Remember the dots on my pool table?!??  ü§£ü§£ü§£ü§∑‚Äç‚ôÇÔ∏èü§∑‚Äç‚ôÇÔ∏èü§∑‚Äç‚ôÇÔ∏è
1520132506720296960,Jcsproat,Fri Apr 29 20:06:46 +0000 2022,-75.4662785,40.276300500000005,@buzhinova I hope you are doing good. ‚ù§Ô∏è‚ù§Ô∏è
1520132506913280001,badgaldeezy,Fri Apr 29 20:06:47 +0000 2022,-97.28591349999999,32.7799665,If you‚Äôre upset with someone about something they said in conversation but ‚Äúthey don‚Äôt remember saying that‚Äù ‚Ä¶ sorry not an excuse üôÉ
